,Sampling1,Sampling2,Sampling3,Sampling4,Sampling5
M1,87.01298701298701,80.64516129032258,88.52459016393442,88.04347826086956,96.73202614379085
M2,98.7012987012987,100.0,100.0,100.0,100.0
M3,67.53246753246754,67.74193548387096,66.39344262295081,84.78260869565217,80.06535947712419
M4,97.40259740259741,90.32258064516128,100.0,96.73913043478261,100.0
M5,97.40259740259741,93.54838709677419,95.08196721311475,97.82608695652173,99.67320261437908
